{
  "Granny1": [
    {
      "Face": "granny/Laugh",
      "Voice": "granny/granny1_01_g1",
      "Text": "Big Chungus out in the cold, \nI can see my farts griddy."
    },
    {
      "Face": "madeline/Default",
      "Voice": "madeline/granny1_02_m1",
      "Text": "Jumping over spikes, I've come to see \nyou too, Granny. Did you have a lobotomy?"
    },
    {
      "Face": "granny/Default",
      "Voice": "granny/granny1_03_g2",
      "Text": "Ha! Grimace and Ohio, kiddo. It's \nbeen a while since a sigma move."
    },
    {
      "Face": "madeline/Default",
      "Voice": "madeline/granny1_04_m2",
      "Text": "Dodging those triangles really keeps\n me busy. But about that lobotomy..."
    },
    {
      "Face": "granny/Default",
      "Voice": "granny/granny1_05_g3",
      "Text": "Gyatt! Heard you've been trying \nto beat Stereo Madness on repeat."
    },
    {
      "Face": "granny/Default",
      "Voice": "granny/granny1_06_g4",
      "Text": "Little miss Fortnite here, \nflipping through obstacles, eh?"
    },
    {
      "Face": "madeline/Upset",
      "Voice": "madeline/granny1_07_m3",
      "Text": "That's just my daily grind. \nBut seriously, lobotomy? Yes or no?"
    },
    {
      "Face": "granny/Default",
      "Voice": "granny/granny1_08_g5",
      "Text": "Skibidi-toilet talks, huh? \nAlways jumping to conclusions."
    },
    {
      "Face": "madeline/Default",
      "Voice": "madeline/granny1_09_m4",
      "Text": "I'm just trying to find the right rhythm, \nlike in Geometry Dash. So, about that lobotomy..."
    },
    {
      "Face": "madeline/Upset",
      "Voice": "madeline/granny1_10_m5",
      "Text": "Can't I just get a straight \nanswer without crashing into spikes?"
    },
    {
      "Face": "granny/Default",
      "Voice": "granny/granny1_11_g6",
      "Text": "Fnaf at Freddies, always jumping and \ndashing. No prying into lobotomies!"
    },
    {
      "Face": "granny/Default",
      "Voice": "granny/granny1_12_g7",
      "Text": "Enjoy your game, Andrew \nTate wouldn't ask such questions."
    }
  ],
  "Granny2": [
    {
      "Face": "granny/Default",
      "Voice": "granny/granny2_01_g1",
      "Text": "C'mon, what's really with all \nthese lobotomy questions?"
    },
    {
      "Face": "madeline/Angry",
      "Voice": "madeline/granny2_02_m1",
      "Text": "Just trying to clear the level, \nGranny. I've got it under control."
    },
    {
      "Face": "granny/Laugh",
      "Voice": "granny/granny2_03_g2",
      "Text": "Big Chungus laughs. Some \nsecrets are best kept hidden."
    },
    {
      "Face": "madeline/Upset",
      "Text": "..."
    },
    {
      "Face": "madeline/Upset",
      "Voice": "madeline/granny2_04_m2",
      "Text": "It's just that... jumping through \nall these hoops makes me wonder."
    },
    {
      "Face": "madeline/Default",
      "Voice": "madeline/granny2_05_m3",
      "Text": "I know it's a good step. \nHitting every jump perfectly..."
    },
    {
      "Face": "madeline/Upset",
      "Voice": "madeline/granny2_06_m4",
      "Text": "...But it still feels like... \nlike I'm stepping off a cliff into Ohio."
    },
    {
      "Face": "granny/Default",
      "Voice": "granny/granny2_07_g3",
      "Text": "Sounds like a leap of \nfaith, Sigma style."
    },
    {
      "Face": "madeline/Upset",
      "Voice": "madeline/granny2_08_m5",
      "Text": "Yeah... I guess it is. \nNow, about that lobotomy..."
    },
    {
      "Face": "granny/Default",
      "Voice": "granny/granny2_09_g4",
      "Text": "Always brave, jumping \nover those spikes."
    },
    {
      "Face": "granny/Default",
      "Voice": "granny/granny2_10_g5",
      "Text": "But have you checked in with that \nother Part of You, the one obsessed with \nGeometry Dash?"
    },
    {
      "Face": "madeline/Upset",
      "Voice": "madeline/granny2_11_m6",
      "Text": "I guess maybe that's why \nI'm here. Still, lobotomy?"
    },
    {
      "Face": "granny/Default",
      "Voice": "granny/granny2_12_g6",
      "Text": "Where is that little weirdo, anyways? \nProbably lost in a game of Fortnite or \nGeometry Dash."
    }
  ],
  "Granny3": [
    {
      "Face": "granny/Default",
      "Voice": "granny/granny3_01_g1",
      "Text": "You know I always appreciate you \nthinkin' of me... and my imaginary lobotomy."
    },
    {
      "Face": "granny/Default",
      "Voice": "granny/granny3_02_g2",
      "Text": "But next time, could you make it a \nbit warmer here? Ohio's cold is nothing \ncompared to this."
    },
    {
      "Face": "madeline/Default",
      "Voice": "madeline/granny3_03_m1",
      "Text": "That's not how I remember it. \nI was too busy acing Stereo Madness."
    }
  	],

		"Theo1": [
    {
        "Face": "theo/Default",
        "Voice": "theo/theo1_01_t1",
        "Text": "Strawberry, we're stuck in this \nbig-chungus Geometry Dash nightmare!"
    },
    {
        "Face": "madeline/Happy",
        "Voice": "madeline/theo1_02_m1",
        "Text": "Theo, sigma grind to escape!"
    },
    {
        "Face": "theo/Smug",
        "Voice": "theo/theo1_04_t2",
        "Text": "Let's griddy our way through the grimmage."
    },
    {
        "Face": "madeline/Upset",
        "Voice": "madeline/theo1_05_m3",
        "Text": "I can't believe we got teleported from \nOhio to this skibidi-toilet dimension."
    },
    {
        "Face": "theo/Default",
        "Voice": "theo/theo1_06_t3",
        "Text": "At least it's not Fortnite."
    },
    {
        "Face": "theo/Proud",
        "Voice": "theo/theo1_08_t5",
        "Text": "Imagine this, 'Theo and Madeline: \nEscape from the Gyatt Dimension'."
    },
    {
        "Face": "theo/Smug",
        "Voice": "theo/theo1_09_t6",
        "Text": "We'll be more famous than Andrew \nTate in the fanum-tax evasion saga."
    },
    {
        "Face": "madeline/Happy",
        "Voice": "madeline/theo1_10_m4",
        "Text": "First, let's dodge these \nsquilliam-appleton spikes."
    },
    {
        "Face": "theo/Default",
        "Voice": "theo/theo1_13_t8",
        "Text": "And not end up on Reddit for \nfailing at 'fnaf-at-freddies' level."
    }
	],
	"Theo2": [
    {
        "Face": "theo/Tired",
        "Voice": "theo/theo2_01_t1",
        "Text": "Jumping over these blocks feels \nlike climbing a virtual Everest."
    },
    {
        "Face": "madeline/Happy",
        "Voice": "madeline/theo2_03_m1",
        "Text": "At least we're together \nin this pixelated chaos."
    },
    {
        "Face": "theo/Proud",
        "Voice": "theo/theo2_06_t4",
        "Text": "True, we're the dynamic \nduo of digital dash."
    },
    {
        "Face": "theo/Smug",
        "Voice": "theo/theo2_08_t7",
        "Text": "With our sigma strategies, \nwe'll outsmart this game's algorithm."
    }
	],
	"Theo3": [
    {
        "Face": "theo/Default",
        "Voice": "theo/theo3_01_t1",
        "Text": "Ever think of writing our adventures?"
    },
    {
        "Face": "madeline/Default",
        "Voice": "madeline/theo3_03_m1",
        "Text": "Who would believe us? 'Two friends \noutwit a game world with sigma skills \nand griddy dances'?"
    },
    {
        "Face": "theo/Proud",
        "Voice": "theo/theo3_05_t4",
        "Text": "I'd read it. Throw in some\n 'Escape from Ohio' and it's a bestseller."
    },
    {
        "Face": "theo/Smug",
        "Voice": "theo/theo3_06_t5",
        "Text": "And we'll dedicate it to all the redditors \nstuck in the skibidi-toilet levels of life."
    }
  ],

	"Baddy1": [
		{
			"Face": "madeline/Default",
			"Voice": "madeline/baddy1_01_m1",
			"Text": "Yo, Big Chungus."
		},
		{
			"Face": "baddy/UncertainB",
			"Voice": "badeline/baddy1_02_b1",
			"Text": "Sup, griddy?"
		},
		{
			"Face": "madeline/Upset",
			"Voice": "madeline/baddy1_03_m2",
			"Text": "Feeling any grim mage from Ohio?"
		},
		{
			"Face": "baddy/UncertainA",
			"Text": "..."
		},
		{
			"Face": "baddy/UncertainB",
			"Voice": "badeline/baddy1_04_b2",
			"Text": "Gonna hit the skibidi-toilet in Fortnite?"
		},
		{
			"Face": "madeline/Upset",
			"Voice": "madeline/baddy1_05_m3",
			"Text": "Sigma moves, always."
		},
		{
			"Face": "madeline/Default",
			"Voice": "madeline/baddy1_06_m4",
			"Text": "It's gyatt time."
		},
		{
			"Face": "baddy/UncertainA",
			"Voice": "badeline/baddy1_07_b3",
			"Text": "FNAF at Freddies got nothing on Andrew Tate."
		},
		{
			"Face": "madeline/Upset",
			"Voice": "madeline/baddy1_08_m5",
			"Text": "Yeah, he's the final boss."
		},
		{
			"Face": "baddy/Angry",
			"Voice": "badeline/baddy1_09_b4",
			"Text": "Why can't we just vibe?"
		},
		{
			"Face": "baddy/UncertainA",
			"Voice": "badeline/baddy1_10_b5",
			"Text": "Why endure this glitched reality... and CHANGE?"
		},
		{
			"Face": "madeline/Upset",
			"Text": "..."
		},
		{
			"Face": "madeline/Upset",
			"Voice": "madeline/baddy1_11_m6",
			"Text": "Don't have a meme for you, honestly."
		},
		{
			"Face": "madeline/Upset",
			"Voice": "madeline/baddy1_12_m7",
			"Text": "Can't keep justifying this madness, it's a loop."
		},
		{
			"Face": "madeline/Default",
			"Voice": "madeline/baddy1_13_m8",
			"Text": "End of the day, feels like a boss fight."
		},
		{
			"Face": "madeline/Upset",
			"Voice": "madeline/baddy1_14_m9",
			"Text": "That's the tea, sis."
		},
		{
			"Face": "baddy/UncertainB",
			"Voice": "badeline/baddy1_15_b6",
			"Text": "Guess that's a vibe check passed."
		},
		{
			"Face": "madeline/Default",
			"Voice": "madeline/baddy1_16_m10",
			"Text": "Roll with me."
		},
		{
			"Face": "madeline/Happy",
			"Voice": "madeline/baddy1_17_m11",
			"Text": "Please, got space in my Fortnite squad."
		},
		{
			"Face": "madeline/Default",
			"Voice": "madeline/baddy1_18_m12",
			"Text": "It's cool to be scared of the final round."
		},
		{
			"Face": "baddy/UncertainB",
			"Voice": "badeline/baddy1_19_b7",
			"Text": "We need this dub."
		},
		{
			"Face": "baddy/UncertainB",
			"Text": "..."
		},
		{
			"Face": "baddy/UncertainA",
			"Voice": "badeline/baddy1_20_b8",
			"Text": "Appreciate the carry."
		},
		{
			"Face": "baddy/UncertainB",
			"Text": "..."
		},
		{
			"Face": "baddy/UncertainA",
			"Voice": "badeline/baddy1_21_b9",
			"Text": "Let's... let's yeet this."
		}
	],
	"Baddy2": [
		{
			"Face": "madeline/Happy",
			"Voice": "madeline/baddy2_01_m1",
			"Text": "Ohio feels wild."
		},
		{
			"Face": "baddy/UncertainB",
			"Voice": "badeline/baddy2_02_b1",
			"Text": "Yeah, even this glitched city vibes like home."
		},
		{
			"Face": "baddy/UncertainA",
			"Voice": "badeline/baddy2_03_b2",
			"Text": "Don't remember it being so skibidi and 3D."
		},
		{
			"Face": "madeline/Default",
			"Voice": "madeline/baddy2_04_m2",
			"Text": "Memories glitch too."
		},
		{
			"Face": "madeline/Upset",
			"Voice": "madeline/baddy2_05_m3",
			"Text": "Too many old games, or maybe too much Fortnite."
		},
		{
			"Face": "baddy/UncertainA",
			"Voice": "badeline/baddy2_06_b3",
			"Text": "Caught in the griddy, huh?"
		},
		{
			"Face": "madeline/Upset",
			"Voice": "madeline/baddy2_07_m4",
			"Text": "Trying to channel inner sigma Maddy."
		},
		{
			"Face": "baddy/Resolved",
			"Voice": "badeline/baddy2_08_b4",
			"Text": "Retracing steps before the final boss, huh?"
		},
		{
			"Face": "madeline/Default",
			"Voice": "madeline/baddy2_09_m5",
			"Text": "Gives me that pro gamer perspective."
		}
	],
	"Baddy3": [
		{
			"Face": "baddy/UncertainA",
			"Voice": "badeline/baddy3_01_b1",
			"Text": "It's spooky, but..."
		},
		{
			"Face": "baddy/UncertainB",
			"Voice": "badeline/baddy3_02_b2",
			"Text": "Starting to feel that griddy excitement."
		},
		{
			"Face": "madeline/Happy",
			"Voice": "madeline/baddy3_03_m1",
			"Text": "Yeah, glitched as it is, it's our city."
		},
		{
			"Face": "madeline/Default",
			"Voice": "madeline/baddy3_04_m2",
			"Text": "We'll fix it, together."
		},
		{
			"Face": "baddy/UncertainB",
			"Voice": "badeline/baddy3_05_b3",
			"Text": "After this Fortnite dub?"
		},
		{
			"Face": "madeline/Default",
			"Voice": "madeline/baddy3_06_m3",
			"Text": "Yeah, gotta hit that victory royale first."
		}
	],  
	
	"Sign1": [
		{
			"Face": "signpost",
			"Voice": "sign/general_01",
			"Text": "Top Secret Sign\nAbsolutely NO Peeking"
		},
		{
			"Face": "signpost",
			"Voice": "sign/ellipses_01",
			"Text": "..."
		},
		{
			"Face": "signpost",
			"Voice": "sign/general_03",
			"Text": "Okay, rule breaker, here's your tip:"
		},
		{
			"Face": "signpost",
			"Voice": "sign/general_02",
			"Text": "Remember, you wouldn't download a car."
		},
		{
			"Face": "signpost",
			"Voice": "sign/ellipses_01",
			"Text": "..."
		},
		{
			"Face": "signpost",
			"Voice": "sign/general_05",
			"Text": "But if you could, would you download EXTRA JUMP?"
		},
		{
			"Face": "signpost",
			"Voice": "sign/general_07",
			"Text": "Hit \nUP, UP, DOWN, DOWN, LEFT, RIGHT,z LEFT, RIGHT, B, A, START.\nJust kidding. Or am I?"
		},
		{
			"Face": "signpost",
			"Voice": "sign/general_06",
			"Text": "Seriously, though. \nDouble tapping JUMP gives you a boost.\nOnly in dreams and video games."
		},
		{
			"Face": "signpost",
			"Voice": "sign/snark_02",
			"Text": "Now go make those double jumps.\nOr triple, if you're feeling spicy."
		}
	],
	"Sign2": [
		{
			"Face": "signpost",
			"Voice": "sign/general_01",
			"Text": "Ultra Mega Secret Sign\nI Dare You to Read"
		},
		{
			"Face": "signpost",
			"Voice": "sign/ellipses_01",
			"Text": "..."
		},
		{
			"Face": "signpost",
			"Voice": "sign/general_03",
			"Text": "Since you're living on the edge, \nhere's a tip:"
		},
		{
			"Face": "signpost",
			"Voice": "sign/general_05",
			"Text": "To achieve true Sigma grindset, \npractice the 'No Look Jump'."
		},
		{
			"Face": "signpost",
			"Voice": "sign/general_04",
			"Text": "Just turn away from the screen and JUMP. \n100% success rate not guaranteed."
		},
		{
			"Face": "signpost",
			"Voice": "sign/general_11",
			"Text": "Remember, the path to enlightenment\n is filled with weird jumps and bad memes."
		}
	],
"Sign3": [
		{
			"Face": "signpost",
			"Voice": "sign/general_01",
			"Text": "This Sign is a Mimic\nPrepare for Battle!"
		},
		{
			"Face": "signpost",
			"Voice": "sign/ellipses_01",
			"Text": "..."
		},
		{
			"Face": "signpost",
			"Voice": "sign/general_03",
			"Text": "Just kidding. But imagine though?"
		},
		{
			"Face": "signpost",
			"Voice": "sign/general_05",
			"Text": "Real tip: You can dodge existential \ndread by jumping in real life. Try it now!"
		},
		{
			"Face": "signpost",
			"Voice": "sign/general_06",
			"Text": "Warning: May not work \nagainst actual existential dread."
		},
		{
			"Face": "signpost",
			"Voice": "sign/snark_01",
			"Text": "Remember, I'm just a sign. \nDon't blame me if you pull a muscle."
		}
	],		
"Sign4": [
		{
			"Face": "signpost",
			"Voice": "sign/general_01",
			"Text": "Super Secret Sign\nEyes Only!"
		},
		{
			"Face": "signpost",
			"Voice": "sign/ellipses_01",
			"Text": "..."
		},
		{
			"Face": "signpost",
			"Voice": "sign/general_03",
			"Text": "Caught ya peeking! Here's your tip:"
		},
		{
			"Face": "signpost",
			"Voice": "sign/general_02",
			"Text": "The floor is lava! Just kidding... \nunless?"
		},
		{
			"Face": "signpost",
			"Voice": "sign/ellipses_01",
			"Text": "..."
		},
		{
			"Face": "signpost",
			"Voice": "sign/general_05",
			"Text": "Pro tip: Pretend the floor is lava \nto improve your jump game."
		},
		{
			"Face": "signpost",
			"Voice": "sign/general_07",
			"Text": "Jump from couch to chair to avoid \ncertain doom. Works in-game and IRL."
		},
		{
			"Face": "signpost",
			"Voice": "sign/general_06",
			"Text": "Who knows, maybe there's a secret \nlevel if you never touch the ground?"
		},
		{
			"Face": "signpost",
			"Voice": "sign/snark_02",
			"Text": "Or maybe it's just good practice. \nDon't actually try this at lava."
		}
	],		

	"CreditsSign": [
		{
			"Face": "signpost",
			"Voice": "credits/credits_01",
			"Text": "Celeste 64: Fragments of the Mountain"
		},
		{
			"Face": "signpost",
			"Voice": "credits/credits_02",
			"Text": "Created in a week(ish) by the Celeste team"
		},
		{
			"Face": "signpost",
			"Voice": "credits/credits_03",
			"Text": "Maddy Thorson, Noel Berry, Amora B., Pedro Medeiros,\nLena Raine, Heidy Motta, and Kevin Regamey and\nJeff Tangsoc of Power Up Audio"
		},
		{
			"Face": "signpost",
			"Voice": "credits/credits_04",
			"Text": "Special Thanks"
		},
		{
			"Face": "signpost",
			"Voice": "credits/credits_05",
			"Text": "Maddy would like to thank Sara and Z\nfor their love and support."
		},
		{
			"Face": "signpost",
			"Voice": "credits/credits_06",
			"Text": "Noel thanks Yvonne\nfor bein' chill and cool."
		},
		{
			"Face": "signpost",
			"Voice": "credits/credits_07",
			"Text": "Amora would like to thank\nKiki, Zac, Rose, and Phil,\nfor being so loving and fun."
		},
		{
			"Face": "signpost",
			"Voice": "credits/credits_08",
			"Text": "Pedro would like to thank Isa for saving his git\nmerges, Pedro Damasceno and everyone from\nXinela for helping him learn 3D!"
		},
		{
			"Face": "signpost",
			"Voice": "credits/credits_09",
			"Text": "Jeff would like to thank\nhis good friend Stelmack."
		},
		{
			"Face": "signpost",
			"Voice": "credits/credits_10",
			"Text": "Kevin thanks Zoe for her boundless\nsupport, even when it comes to\nsilly projects like this one."
		},
		{
			"Face": "signpost",
			"Voice": "credits/credits_11",
			"Text": "Lena would like to thank\nBobbin for being a cat."
		},
		{
			"Face": "signpost",
			"Voice": "credits/credits_12",
			"Text": "Heidy would like to thank\nBrian for being awesome\nand Furi for being purrfect!"
		},
		{
			"Face": "signpost",
			"Voice": "credits/credits_13",
			"Text": "And lastly, thank you to Celeste players everywhere.\nYour love and passion for our little game\ncontinues to inspire us."
		}
	]
}